<?xml version="1.0" encoding="UTF-8"?>
<GenRun Id="synth_1" LaunchPart="xc7a35tcpg236-1" LaunchTime="1686303449">
  <File Type="PA-TCL" Name="System.tcl"/>
  <File Type="RDS-PROPCONSTRS" Name="System_drc_synth.rpt"/>
  <File Type="REPORTS-TCL" Name="System_reports.tcl"/>
  <File Type="RDS-RDS" Name="System.vds"/>
  <File Type="RDS-UTIL" Name="System_utilization_synth.rpt"/>
  <File Type="RDS-UTIL-PB" Name="System_utilization_synth.pb"/>
  <File Type="RDS-DCP" Name="System.dcp"/>
  <File Type="VDS-TIMINGSUMMARY" Name="System_timing_summary_synth.rpt"/>
  <File Type="VDS-TIMING-PB" Name="System_timing_summary_synth.pb"/>
  <FileSet Name="sources" Type="DesignSrcs" RelSrcDir="$PSRCDIR/sources_1">
    <Filter Type="Srcs"/>
    <File Path="$PSRCDIR/sources_1/new/ASUnit.vhd">
      <FileInfo>
        <Attr Name="ImportPath" Val="$PPRDIR/../Nano Processor/Nano Processor.srcs/sources_1/new/ASUnit.vhd"/>
        <Attr Name="ImportTime" Val="1685515308"/>
        <Attr Name="UsedIn" Val="synthesis"/>
        <Attr Name="UsedIn" Val="simulation"/>
      </FileInfo>
    </File>
    <File Path="$PSRCDIR/sources_1/new/Adder_3bit.vhd">
      <FileInfo>
        <Attr Name="ImportPath" Val="$PPRDIR/../Nano Processor/Nano Processor.srcs/sources_1/new/Adder_3bit.vhd"/>
        <Attr Name="ImportTime" Val="1685799770"/>
        <Attr Name="UsedIn" Val="synthesis"/>
        <Attr Name="UsedIn" Val="simulation"/>
      </FileInfo>
    </File>
    <File Path="$PSRCDIR/sources_1/new/Decoder_2_to_4.vhd">
      <FileInfo>
        <Attr Name="ImportPath" Val="$PPRDIR/../Nano Processor/Nano Processor.srcs/sources_1/new/Decoder_2_to_4.vhd"/>
        <Attr Name="ImportTime" Val="1685652596"/>
        <Attr Name="UsedIn" Val="synthesis"/>
        <Attr Name="UsedIn" Val="simulation"/>
      </FileInfo>
    </File>
    <File Path="$PSRCDIR/sources_1/new/Decoder_3_to_8.vhd">
      <FileInfo>
        <Attr Name="ImportPath" Val="$PPRDIR/../Nano Processor/Nano Processor.srcs/sources_1/new/Decoder_3_to_8.vhd"/>
        <Attr Name="ImportTime" Val="1685637378"/>
        <Attr Name="UsedIn" Val="synthesis"/>
        <Attr Name="UsedIn" Val="simulation"/>
      </FileInfo>
    </File>
    <File Path="$PSRCDIR/sources_1/new/FA.vhd">
      <FileInfo>
        <Attr Name="UsedIn" Val="synthesis"/>
        <Attr Name="UsedIn" Val="simulation"/>
      </FileInfo>
    </File>
    <File Path="$PSRCDIR/sources_1/new/HA.vhd">
      <FileInfo>
        <Attr Name="UsedIn" Val="synthesis"/>
        <Attr Name="UsedIn" Val="simulation"/>
      </FileInfo>
    </File>
    <File Path="$PSRCDIR/sources_1/new/InstructionDecoder.vhd">
      <FileInfo>
        <Attr Name="ImportPath" Val="$PPRDIR/../Nano Processor/Nano Processor.srcs/sources_1/new/InstructionDecoder.vhd"/>
        <Attr Name="ImportTime" Val="1685967246"/>
        <Attr Name="UsedIn" Val="synthesis"/>
        <Attr Name="UsedIn" Val="simulation"/>
      </FileInfo>
    </File>
    <File Path="$PSRCDIR/sources_1/new/LUT_16_7.vhd">
      <FileInfo>
        <Attr Name="ImportPath" Val="$PPRDIR/../Nano Processor/Nano Processor.srcs/sources_1/new/LUT_16_7.vhd"/>
        <Attr Name="ImportTime" Val="1686016486"/>
        <Attr Name="UsedIn" Val="synthesis"/>
        <Attr Name="UsedIn" Val="simulation"/>
      </FileInfo>
    </File>
    <File Path="$PSRCDIR/sources_1/new/Mux_2_to_1.vhd">
      <FileInfo>
        <Attr Name="ImportPath" Val="$PPRDIR/../Nano Processor/Nano Processor.srcs/sources_1/new/Mux_2_to_1.vhd"/>
        <Attr Name="ImportTime" Val="1685782274"/>
        <Attr Name="UsedIn" Val="synthesis"/>
        <Attr Name="UsedIn" Val="simulation"/>
      </FileInfo>
    </File>
    <File Path="$PSRCDIR/sources_1/new/Mux_2_to_1_bit_3.vhd">
      <FileInfo>
        <Attr Name="ImportPath" Val="$PPRDIR/../Nano Processor/Nano Processor.srcs/sources_1/new/Mux_2_to_1_bit_3.vhd"/>
        <Attr Name="ImportTime" Val="1685770148"/>
        <Attr Name="UsedIn" Val="synthesis"/>
        <Attr Name="UsedIn" Val="simulation"/>
      </FileInfo>
    </File>
    <File Path="$PSRCDIR/sources_1/new/Mux_2_to_1_bit_4.vhd">
      <FileInfo>
        <Attr Name="ImportPath" Val="$PPRDIR/../Nano Processor/Nano Processor.srcs/sources_1/new/Mux_2_to_1_bit_4.vhd"/>
        <Attr Name="ImportTime" Val="1685793468"/>
        <Attr Name="UsedIn" Val="synthesis"/>
        <Attr Name="UsedIn" Val="simulation"/>
      </FileInfo>
    </File>
    <File Path="$PSRCDIR/sources_1/new/Mux_8_to_1.vhd">
      <FileInfo>
        <Attr Name="ImportPath" Val="$PPRDIR/../Nano Processor/Nano Processor.srcs/sources_1/new/Mux_8_to_1.vhd"/>
        <Attr Name="ImportTime" Val="1685637026"/>
        <Attr Name="UsedIn" Val="synthesis"/>
        <Attr Name="UsedIn" Val="simulation"/>
      </FileInfo>
    </File>
    <File Path="$PSRCDIR/sources_1/new/Mux_8_to_1_bit_4.vhd">
      <FileInfo>
        <Attr Name="ImportPath" Val="$PPRDIR/../Nano Processor/Nano Processor.srcs/sources_1/new/Mux_8_to_1_bit_4.vhd"/>
        <Attr Name="ImportTime" Val="1685640430"/>
        <Attr Name="UsedIn" Val="synthesis"/>
        <Attr Name="UsedIn" Val="simulation"/>
      </FileInfo>
    </File>
    <File Path="$PSRCDIR/sources_1/new/ProgramCounter.vhd">
      <FileInfo>
        <Attr Name="ImportPath" Val="$PPRDIR/../Nano Processor/Nano Processor.srcs/sources_1/new/ProgramCounter.vhd"/>
        <Attr Name="ImportTime" Val="1685625928"/>
        <Attr Name="UsedIn" Val="synthesis"/>
        <Attr Name="UsedIn" Val="simulation"/>
      </FileInfo>
    </File>
    <File Path="$PSRCDIR/sources_1/new/ROM.vhd">
      <FileInfo>
        <Attr Name="ImportPath" Val="$PPRDIR/../Nano Processor/Nano Processor.srcs/sources_1/new/ROM.vhd"/>
        <Attr Name="ImportTime" Val="1686033328"/>
        <Attr Name="UsedIn" Val="synthesis"/>
        <Attr Name="UsedIn" Val="simulation"/>
      </FileInfo>
    </File>
    <File Path="$PSRCDIR/sources_1/new/RegBank.vhd">
      <FileInfo>
        <Attr Name="ImportPath" Val="$PPRDIR/../Nano Processor/Nano Processor.srcs/sources_1/new/RegBank.vhd"/>
        <Attr Name="ImportTime" Val="1685969144"/>
        <Attr Name="UsedIn" Val="synthesis"/>
        <Attr Name="UsedIn" Val="simulation"/>
      </FileInfo>
    </File>
    <File Path="$PSRCDIR/sources_1/new/Reg_4_bit.vhd">
      <FileInfo>
        <Attr Name="ImportPath" Val="$PPRDIR/../Nano Processor/Nano Processor.srcs/sources_1/new/Reg_4_bit.vhd"/>
        <Attr Name="ImportTime" Val="1685646126"/>
        <Attr Name="UsedIn" Val="synthesis"/>
        <Attr Name="UsedIn" Val="simulation"/>
      </FileInfo>
    </File>
    <File Path="$PSRCDIR/sources_1/new/Slow_Clk.vhd">
      <FileInfo>
        <Attr Name="ImportPath" Val="$PPRDIR/../Nano Processor/Nano Processor.srcs/sources_1/new/Slow_Clk.vhd"/>
        <Attr Name="ImportTime" Val="1685811390"/>
        <Attr Name="UsedIn" Val="synthesis"/>
        <Attr Name="UsedIn" Val="simulation"/>
      </FileInfo>
    </File>
    <File Path="$PSRCDIR/sources_1/new/nano_processor.vhd">
      <FileInfo>
        <Attr Name="ImportPath" Val="$PPRDIR/../Nano Processor/Nano Processor.srcs/sources_1/new/nano_processor.vhd"/>
        <Attr Name="ImportTime" Val="1685973536"/>
        <Attr Name="UsedIn" Val="synthesis"/>
        <Attr Name="UsedIn" Val="simulation"/>
      </FileInfo>
    </File>
    <File Path="$PSRCDIR/sources_1/new/System.vhd">
      <FileInfo>
        <Attr Name="ImportPath" Val="$PPRDIR/../Nano Processor/Nano Processor.srcs/sources_1/new/System.vhd"/>
        <Attr Name="ImportTime" Val="1686034708"/>
        <Attr Name="UsedIn" Val="synthesis"/>
        <Attr Name="UsedIn" Val="simulation"/>
      </FileInfo>
    </File>
    <File Path="$PPRDIR/../Lab 3/Lab 3.srcs/sources_1/new/FA.vhd">
      <FileInfo>
        <Attr Name="AutoDisabled" Val="1"/>
        <Attr Name="UsedIn" Val="synthesis"/>
        <Attr Name="UsedIn" Val="simulation"/>
      </FileInfo>
    </File>
    <File Path="$PPRDIR/../Lab 3/Lab 3.srcs/sources_1/new/HA.vhd">
      <FileInfo>
        <Attr Name="AutoDisabled" Val="1"/>
        <Attr Name="UsedIn" Val="synthesis"/>
        <Attr Name="UsedIn" Val="simulation"/>
      </FileInfo>
    </File>
    <Config>
      <Option Name="DesignMode" Val="RTL"/>
      <Option Name="TopModule" Val="System"/>
    </Config>
  </FileSet>
  <FileSet Name="constrs_in" Type="Constrs" RelSrcDir="$PSRCDIR/constrs_1">
    <Filter Type="Constrs"/>
    <File Path="$PSRCDIR/constrs_1/new/Basys3Labs.xdc">
      <FileInfo>
        <Attr Name="ImportPath" Val="$PPRDIR/../Nano Processor/Nano Processor.srcs/constrs_1/new/Basys3Labs.xdc"/>
        <Attr Name="ImportTime" Val="1686030476"/>
        <Attr Name="UsedIn" Val="synthesis"/>
        <Attr Name="UsedIn" Val="implementation"/>
      </FileInfo>
    </File>
    <Config>
      <Option Name="ConstrsType" Val="XDC"/>
    </Config>
  </FileSet>
  <Strategy Version="1" Minor="2">
    <StratHandle Name="Vivado Synthesis Defaults" Flow="Vivado Synthesis 2018"/>
    <Step Id="synth_design"/>
  </Strategy>
</GenRun>
